id,cliente_id,data_pedido,status,valor_total
1,319,2025-11-29,concluido,1365.05
2,304,2025-08-02,concluido,89.3
3,330,2025-10-10,concluido,1306.93
4,94,2026-03-16,concluido,599.7
5,109,2026-03-10,concluido,539.38
6,451,2026-03-16,concluido,1140.41
7,426,2025-11-11,concluido,1260.62
8,241,2026-03-05,concluido,832.16
9,488,2025-07-17,concluido,992.71
10,400,2025-10-09,devolvido,108.37
11,16,2025-06-12,cancelado,339.07
12,11,2026-01-23,concluido,395.89
13,243,2026-03-23,concluido,867.76
14,112,2025-10-17,concluido,421.55
15,189,2025-07-19,concluido,930.51
16,383,2025-09-03,concluido,1177.8
17,84,2025-06-27,devolvido,206.74
18,14,2026-01-18,cancelado,884.91
19,465,2025-11-11,devolvido,625.15
20,367,2025-05-21,concluido,908.54
21,426,2025-04-23,concluido,197.76
22,396,2025-10-23,concluido,1042.18
23,413,2026-02-06,concluido,1476.57
24,401,2025-09-13,concluido,822.48
25,339,2025-10-04,concluido,783.64
26,175,2026-04-01,concluido,659.09
27,251,2025-10-29,concluido,1443.14
28,326,2025-04-14,cancelado,716.62
29,79,2025-10-14,concluido,1114.0
30,495,2025-08-14,concluido,943.07
31,471,2025-09-01,concluido,751.07
32,224,2026-03-02,concluido,909.09
33,166,2025-12-24,cancelado,1254.56
34,45,2026-01-28,concluido,703.66
35,385,2025-06-08,concluido,934.98
36,195,2025-09-26,concluido,766.74
37,167,2025-05-18,concluido,357.57
38,409,2025-12-29,concluido,455.5
39,306,2025-10-20,concluido,450.59
40,6,2025-09-27,concluido,327.03
41,124,2025-08-02,concluido,758.44
42,389,2025-12-25,concluido,740.34
43,365,2025-04-05,concluido,1199.75
44,48,2025-04-06,concluido,636.38
45,125,2025-12-19,concluido,893.26
46,243,2025-06-22,concluido,548.45
47,382,2025-08-27,concluido,560.13
48,233,2025-11-13,concluido,414.54
49,62,2025-05-11,concluido,507.54
50,381,2025-08-06,concluido,1155.17
51,95,2025-08-20,concluido,1120.98
52,142,2025-11-25,concluido,1466.08
53,269,2026-03-02,concluido,1471.74
54,427,2025-07-11,concluido,379.85
55,92,2025-06-13,concluido,1076.63
56,65,2025-11-01,concluido,1462.73
57,284,2025-07-13,concluido,1418.93
58,327,2025-07-03,cancelado,761.77
59,447,2025-07-15,concluido,462.29
60,246,2025-10-02,concluido,317.33
61,27,2025-11-26,concluido,1299.5
62,59,2025-08-13,concluido,631.03
63,38,2025-08-22,concluido,1045.35
64,78,2025-06-12,concluido,866.12
65,156,2025-10-12,concluido,409.88
66,286,2025-09-13,concluido,929.16
67,405,2025-06-22,concluido,1174.76
68,195,2025-09-11,concluido,691.95
69,441,2025-12-30,concluido,671.8
70,292,2026-01-19,concluido,933.96
71,379,2025-08-24,concluido,1155.97
72,321,2025-08-21,concluido,1007.62
73,81,2026-02-27,concluido,850.39
74,81,2025-09-04,concluido,703.23
75,305,2025-07-19,concluido,97.33
76,148,2025-09-24,concluido,1069.33
77,233,2025-06-10,concluido,388.46
78,136,2025-11-09,concluido,956.33
79,339,2025-05-22,concluido,336.84
80,59,2025-11-11,concluido,989.07
81,466,2025-12-24,concluido,256.24
82,31,2025-06-29,concluido,496.04
83,384,2026-02-12,concluido,1385.73
84,225,2025-05-10,concluido,1048.58
85,359,2026-01-06,concluido,444.76
86,277,2025-07-15,concluido,166.64
87,21,2026-02-08,cancelado,1115.07
88,310,2025-07-02,concluido,182.42
89,493,2025-11-03,concluido,1297.75
90,301,2025-09-16,devolvido,1499.38
91,345,2026-02-28,concluido,885.56
92,391,2025-08-27,concluido,732.23
93,334,2025-06-17,concluido,453.33
94,300,2025-05-28,concluido,1230.66
95,497,2026-02-06,concluido,554.54
96,171,2026-01-13,concluido,201.67
97,83,2025-05-30,concluido,1055.83
98,148,2025-10-02,concluido,630.66
99,390,2026-02-08,concluido,709.5
100,162,2025-04-05,concluido,218.09
101,396,2025-06-09,concluido,796.16
102,1,2025-09-12,concluido,836.76
103,212,2025-10-13,concluido,801.74
104,319,2025-05-24,concluido,956.84
105,390,2026-03-14,concluido,437.23
106,68,2026-02-25,cancelado,685.27
107,358,2025-12-02,concluido,91.86
108,323,2025-10-19,concluido,396.98
109,82,2025-10-26,concluido,69.83
110,209,2026-01-06,concluido,1488.77
111,468,2025-08-02,concluido,1423.24
112,332,2026-01-31,concluido,772.64
113,367,2025-10-07,concluido,1072.85
114,213,2025-07-27,concluido,1471.35
115,125,2025-07-08,concluido,259.73
116,98,2025-11-06,cancelado,786.95
117,451,2026-03-01,concluido,151.22
118,396,2025-11-08,concluido,651.67
119,479,2025-04-20,concluido,437.4
120,2,2025-09-03,concluido,482.91
121,301,2025-05-10,concluido,1006.91
122,444,2025-12-26,concluido,830.94
123,177,2025-06-04,concluido,1156.17
124,194,2025-04-25,concluido,516.58
125,97,2025-06-24,devolvido,396.27
126,197,2026-02-12,concluido,1174.54
127,23,2025-07-09,concluido,735.82
128,468,2025-10-04,concluido,609.81
129,340,2026-02-21,concluido,995.43
130,78,2025-12-02,concluido,103.68
131,258,2025-05-09,devolvido,531.39
132,52,2025-09-23,cancelado,688.44
133,270,2026-01-16,cancelado,72.25
134,74,2025-08-09,concluido,999.43
135,80,2025-07-11,concluido,1183.21
136,136,2025-08-20,concluido,1054.42
137,333,2025-08-19,concluido,526.42
138,346,2025-11-05,cancelado,601.01
139,163,2025-11-04,concluido,1336.79
140,250,2026-03-29,cancelado,102.05
141,36,2026-02-10,concluido,1042.38
142,148,2025-07-11,devolvido,1132.81
143,223,2025-08-13,devolvido,1152.54
144,361,2025-04-09,cancelado,693.33
145,356,2025-09-08,concluido,91.97
146,167,2025-05-19,concluido,475.38
147,192,2025-08-16,concluido,404.09
148,211,2026-03-04,concluido,1199.15
149,88,2025-12-21,concluido,933.76
150,196,2025-11-23,concluido,399.2
151,468,2025-06-18,concluido,386.67
152,327,2025-11-12,concluido,420.22
153,5,2025-11-11,cancelado,724.62
154,148,2025-12-10,concluido,279.06
155,227,2025-12-10,cancelado,1482.09
156,154,2025-10-28,concluido,665.25
157,129,2025-06-08,concluido,488.08
158,197,2026-01-30,cancelado,204.65
159,196,2025-07-21,concluido,883.48
160,359,2025-08-17,concluido,1468.02
161,338,2025-08-06,concluido,61.74
162,443,2025-12-19,concluido,1129.77
163,26,2025-10-17,cancelado,1130.5
164,427,2025-10-08,cancelado,464.98
165,410,2026-01-27,concluido,1212.8
166,113,2026-01-13,concluido,950.29
167,348,2025-09-22,concluido,1162.83
168,349,2026-03-13,concluido,960.96
169,463,2025-05-02,concluido,107.16
170,404,2025-08-27,concluido,890.38
171,375,2025-11-26,concluido,1368.96
172,168,2025-07-22,concluido,304.68
173,68,2025-09-29,concluido,1320.87
174,188,2025-12-03,concluido,1374.56
175,426,2025-05-28,concluido,1375.37
176,484,2026-03-05,concluido,1219.41
177,383,2025-06-06,cancelado,1216.14
178,240,2025-12-06,devolvido,254.1
179,495,2026-02-09,concluido,1030.67
180,346,2026-03-28,devolvido,1452.54
181,412,2025-08-11,concluido,180.94
182,203,2025-09-12,concluido,828.03
183,233,2025-12-03,concluido,1136.07
184,135,2025-11-25,concluido,1242.51
185,482,2025-11-10,concluido,1028.51
186,242,2025-09-06,concluido,1332.14
187,288,2026-02-25,concluido,934.62
188,332,2026-03-20,concluido,1244.59
189,466,2025-04-29,concluido,991.4
190,60,2025-05-02,concluido,1422.08
191,156,2025-06-03,devolvido,218.37
192,121,2025-08-13,cancelado,246.71
193,233,2025-06-29,concluido,1426.6
194,357,2025-08-01,cancelado,657.73
195,381,2025-08-03,concluido,1333.85
196,336,2025-12-11,concluido,759.55
197,209,2025-07-24,cancelado,455.62
198,354,2026-01-02,concluido,692.91
199,487,2025-07-14,concluido,575.89
200,352,2025-11-23,concluido,1357.46
201,331,2025-12-08,concluido,627.3
202,98,2025-09-02,devolvido,1426.07
203,422,2025-07-16,concluido,1011.01
204,329,2026-03-12,concluido,1458.09
205,26,2025-09-21,concluido,403.17
206,65,2026-01-30,concluido,347.55
207,425,2026-03-03,concluido,350.38
208,111,2026-04-01,concluido,387.85
209,397,2025-08-21,concluido,1355.77
210,2,2026-01-17,concluido,1476.84
211,67,2025-11-15,concluido,1207.85
212,57,2025-10-21,concluido,87.38
213,8,2025-09-23,concluido,1193.23
214,302,2025-09-09,concluido,302.66
215,27,2025-06-05,concluido,660.39
216,59,2025-06-12,concluido,740.56
217,399,2026-02-27,concluido,910.82
218,232,2025-04-10,concluido,1420.85
219,23,2025-05-20,concluido,1367.69
220,338,2026-01-09,concluido,714.16
221,494,2025-07-02,concluido,1497.95
222,434,2025-12-15,concluido,1044.84
223,252,2025-07-08,concluido,693.17
224,461,2026-04-02,concluido,932.03
225,34,2026-01-15,concluido,955.26
226,300,2025-12-30,concluido,521.52
227,306,2026-01-18,concluido,707.89
228,310,2025-05-03,concluido,1199.99
229,59,2025-06-22,cancelado,993.83
230,394,2025-06-05,concluido,1304.96
231,221,2025-09-03,concluido,381.32
232,174,2025-05-12,concluido,628.16
233,374,2025-05-09,concluido,668.81
234,341,2025-04-26,concluido,1432.71
235,352,2026-03-31,cancelado,147.34
236,426,2026-03-09,concluido,676.22
237,382,2025-10-02,concluido,1227.07
238,285,2025-10-31,concluido,1437.11
239,288,2025-04-22,concluido,227.24
240,182,2025-04-12,cancelado,1414.64
241,217,2026-01-26,cancelado,1095.54
242,496,2025-09-03,concluido,503.05
243,54,2025-10-22,concluido,358.47
244,337,2026-01-24,concluido,1278.55
245,180,2025-05-04,concluido,582.96
246,391,2025-05-12,concluido,377.93
247,220,2025-07-12,concluido,1463.09
248,420,2025-11-28,concluido,1028.72
249,286,2025-06-01,concluido,1397.17
250,425,2025-05-04,concluido,91.98
251,140,2025-12-12,concluido,498.03
252,174,2026-03-29,concluido,313.04
253,74,2026-03-11,concluido,631.14
254,73,2025-08-31,concluido,1459.12
255,47,2025-07-31,concluido,361.94
256,215,2025-06-30,concluido,278.24
257,160,2025-07-07,concluido,1176.41
258,291,2026-01-13,concluido,1330.85
259,80,2025-07-21,concluido,945.87
260,346,2025-09-21,concluido,692.51
261,218,2025-12-01,concluido,690.96
262,140,2025-05-21,concluido,792.9
263,177,2025-05-22,concluido,460.71
264,348,2025-10-23,concluido,814.05
265,158,2026-02-21,concluido,623.13
266,307,2025-06-07,concluido,346.41
267,485,2025-04-13,concluido,248.99
268,131,2025-04-15,concluido,223.98
269,255,2025-12-15,concluido,304.76
270,195,2025-08-18,concluido,383.66
271,287,2026-03-02,concluido,1218.99
272,37,2026-03-23,concluido,1125.96
273,224,2025-08-06,concluido,1385.69
274,442,2026-03-03,concluido,672.46
275,208,2025-10-03,concluido,655.66
276,59,2025-09-30,concluido,1450.99
277,88,2026-03-06,concluido,946.28
278,426,2025-10-28,concluido,574.69
279,224,2026-03-31,concluido,402.81
280,302,2025-07-16,concluido,164.04
281,446,2025-11-01,concluido,542.29
282,171,2025-09-21,concluido,160.75
283,325,2025-05-24,concluido,789.43
284,464,2025-12-28,concluido,559.09
285,491,2025-10-28,concluido,1231.8
286,121,2025-06-09,concluido,421.15
287,89,2025-11-17,concluido,1152.31
288,336,2025-11-20,concluido,1429.37
289,322,2025-09-26,concluido,1143.95
290,390,2025-12-03,concluido,1037.64
291,452,2026-01-17,concluido,971.18
292,320,2025-12-04,concluido,1457.91
293,162,2026-03-08,concluido,149.02
294,227,2025-11-07,concluido,1204.68
295,303,2025-09-17,concluido,785.64
296,159,2025-10-22,concluido,104.53
297,189,2025-12-06,concluido,161.26
298,443,2025-12-06,devolvido,180.93
299,305,2025-10-26,concluido,720.93
300,284,2025-07-31,devolvido,1121.44
301,22,2026-03-20,concluido,1224.23
302,334,2025-08-14,concluido,927.26
303,257,2025-10-06,concluido,139.72
304,53,2025-10-28,concluido,1264.2
305,366,2025-06-29,concluido,986.88
306,21,2026-02-08,concluido,684.75
307,225,2025-05-06,concluido,934.22
308,187,2025-09-20,concluido,460.2
309,210,2025-07-30,concluido,1034.4
310,27,2025-08-22,concluido,988.59
311,34,2025-09-09,concluido,859.05
312,198,2025-07-11,concluido,1099.41
313,337,2025-06-01,devolvido,923.92
314,77,2025-07-28,concluido,894.97
315,73,2025-04-06,cancelado,499.84
316,336,2025-04-02,concluido,618.34
317,305,2025-10-22,concluido,172.84
318,287,2026-02-12,concluido,1197.91
319,417,2026-01-21,concluido,1069.1
320,485,2026-02-25,concluido,1043.85
321,270,2025-05-24,concluido,1022.16
322,261,2025-08-13,concluido,575.77
323,93,2025-07-22,devolvido,545.51
324,393,2025-10-01,concluido,378.49
325,71,2025-10-26,concluido,478.9
326,404,2025-04-05,concluido,1167.77
327,428,2025-12-25,concluido,813.47
328,339,2026-03-26,concluido,1161.15
329,68,2025-10-10,concluido,273.67
330,93,2026-01-20,concluido,1168.09
331,415,2025-10-04,cancelado,1095.72
332,23,2025-07-27,concluido,1030.73
333,122,2025-04-05,devolvido,935.36
334,386,2026-01-24,concluido,700.95
335,274,2025-09-16,concluido,1450.12
336,402,2026-02-05,concluido,1260.91
337,189,2025-07-24,concluido,877.11
338,226,2025-11-19,concluido,458.57
339,196,2025-06-30,concluido,657.06
340,83,2026-02-05,concluido,1211.83
341,71,2025-04-04,cancelado,125.66
342,247,2025-10-31,cancelado,854.08
343,53,2025-08-25,concluido,798.07
344,64,2025-06-14,concluido,1156.52
345,140,2025-09-08,concluido,794.36
346,426,2026-03-10,concluido,1422.3
347,114,2025-11-05,concluido,1332.71
348,477,2025-09-18,concluido,127.22
349,258,2025-09-02,concluido,609.94
350,42,2025-07-08,concluido,90.87
351,477,2025-06-04,concluido,1086.32
352,172,2026-01-04,concluido,249.52
353,147,2026-01-13,cancelado,735.06
354,426,2025-12-08,concluido,1073.03
355,230,2025-08-31,concluido,1363.49
356,10,2026-02-17,concluido,1260.7
357,281,2025-08-26,cancelado,932.88
358,217,2025-06-26,concluido,467.75
359,155,2025-07-13,concluido,395.74
360,328,2025-05-02,concluido,712.81
361,57,2025-09-12,concluido,774.75
362,275,2025-11-30,concluido,797.29
363,124,2025-07-04,concluido,472.34
364,1,2025-10-19,concluido,398.82
365,214,2026-01-23,concluido,1018.91
366,269,2026-02-06,devolvido,148.14
367,270,2026-03-21,concluido,1190.3
368,260,2025-11-26,concluido,616.16
369,241,2026-02-09,concluido,610.98
370,192,2025-12-27,concluido,73.55
371,404,2025-12-23,concluido,399.63
372,337,2025-07-16,concluido,1168.68
373,377,2025-07-21,concluido,243.44
374,181,2025-12-09,concluido,1229.59
375,90,2026-01-15,concluido,1042.79
376,357,2025-10-25,concluido,314.3
377,70,2026-02-10,concluido,1175.48
378,235,2025-07-15,concluido,342.31
379,406,2025-09-09,concluido,110.76
380,478,2025-06-14,concluido,627.42
381,418,2026-02-27,concluido,417.3
382,386,2025-04-28,concluido,464.86
383,442,2025-06-11,concluido,1305.41
384,170,2025-05-25,concluido,1209.05
385,224,2025-07-23,cancelado,1127.8
386,459,2025-05-14,devolvido,541.6
387,96,2025-12-05,concluido,771.41
388,474,2025-09-25,concluido,436.75
389,43,2025-11-27,concluido,164.44
390,309,2025-09-24,devolvido,311.66
391,151,2025-07-16,concluido,166.1
392,339,2025-12-30,concluido,696.58
393,368,2025-11-29,concluido,1050.16
394,180,2025-10-10,concluido,1103.88
395,467,2025-06-13,concluido,1497.32
396,141,2025-08-04,concluido,1197.64
397,30,2025-04-09,concluido,974.39
398,187,2025-05-31,concluido,1137.35
399,82,2025-04-21,devolvido,257.03
400,312,2025-10-26,concluido,685.35
401,65,2025-04-10,concluido,1178.85
402,188,2025-06-13,concluido,1426.73
403,17,2025-05-11,concluido,1034.64
404,486,2025-07-20,concluido,693.71
405,40,2025-07-15,concluido,817.72
406,204,2025-05-20,concluido,454.1
407,492,2026-01-04,concluido,1116.73
408,256,2025-09-19,concluido,1374.64
409,61,2026-01-09,concluido,427.42
410,229,2025-04-05,concluido,937.22
411,356,2025-07-01,cancelado,762.24
412,63,2025-05-07,concluido,157.38
413,89,2025-05-30,cancelado,695.41
414,45,2025-04-07,concluido,1452.96
415,164,2025-10-10,concluido,1078.83
416,282,2025-06-25,concluido,1342.43
417,436,2025-08-12,concluido,1078.87
418,359,2025-09-12,concluido,1200.86
419,261,2025-08-01,concluido,1478.44
420,406,2026-02-01,concluido,1196.04
421,14,2026-02-06,concluido,879.8
422,240,2025-10-12,concluido,849.89
423,314,2025-08-24,cancelado,145.33
424,204,2025-09-29,devolvido,1092.36
425,270,2025-12-28,concluido,643.68
426,295,2026-02-03,concluido,1459.95
427,329,2025-04-14,concluido,725.46
428,265,2025-08-08,concluido,1323.04
429,400,2025-05-03,concluido,902.29
430,394,2026-02-23,devolvido,677.3
431,467,2026-01-18,cancelado,1255.52
432,266,2025-05-28,concluido,288.75
433,166,2025-04-23,cancelado,376.93
434,486,2025-07-14,cancelado,1347.64
435,434,2026-01-28,concluido,334.64
436,490,2025-09-01,concluido,231.5
437,156,2025-04-29,concluido,185.47
438,329,2025-10-29,concluido,1415.33
439,79,2025-10-01,concluido,955.49
440,462,2025-06-11,concluido,1271.67
441,289,2025-06-15,concluido,1302.48
442,42,2026-03-15,concluido,980.11
443,296,2026-02-22,concluido,355.67
444,293,2025-07-08,concluido,976.54
445,255,2026-02-13,cancelado,841.09
446,329,2025-08-28,devolvido,750.27
447,413,2026-02-17,concluido,638.83
448,233,2025-04-06,concluido,136.87
449,226,2025-05-19,concluido,723.44
450,175,2026-01-25,concluido,503.24
451,368,2026-01-04,concluido,1482.63
452,177,2025-07-07,devolvido,239.61
453,190,2025-08-29,concluido,203.97
454,124,2026-01-26,concluido,437.83
455,127,2025-09-21,concluido,123.38
456,485,2025-07-06,concluido,942.3
457,128,2026-01-13,devolvido,1358.35
458,417,2025-04-15,concluido,887.65
459,161,2025-06-18,concluido,281.05
460,264,2025-09-27,concluido,1324.66
461,255,2026-01-12,concluido,1420.59
462,259,2026-01-26,concluido,399.06
463,299,2025-05-08,concluido,123.28
464,254,2025-10-21,concluido,1272.13
465,345,2025-12-16,concluido,828.2
466,434,2025-06-21,concluido,244.21
467,136,2025-10-02,concluido,1157.59
468,188,2025-08-31,concluido,124.18
469,288,2025-12-22,concluido,852.17
470,38,2025-08-01,concluido,703.01
471,282,2026-03-31,concluido,1484.18
472,349,2025-08-05,concluido,236.56
473,50,2025-06-02,concluido,1202.6
474,174,2025-12-02,concluido,580.13
475,74,2026-01-09,concluido,788.23
476,257,2025-04-18,concluido,106.43
477,366,2026-01-16,concluido,736.93
478,234,2026-04-01,concluido,1345.04
479,72,2025-11-01,concluido,938.95
480,84,2025-10-21,concluido,943.93
481,432,2025-05-19,concluido,537.74
482,425,2025-07-09,concluido,760.28
483,289,2025-10-05,concluido,1232.84
484,189,2025-12-05,concluido,208.93
485,214,2025-07-27,concluido,1205.29
486,372,2025-06-18,cancelado,962.43
487,306,2025-08-19,concluido,1452.25
488,401,2026-03-12,devolvido,888.79
489,117,2025-04-22,concluido,896.11
490,88,2026-03-03,concluido,1095.72
491,397,2025-12-16,concluido,264.27
492,349,2025-06-25,concluido,880.23
493,359,2025-05-15,concluido,77.46
494,161,2025-07-02,concluido,648.79
495,105,2025-12-03,concluido,1173.71
496,472,2025-09-17,concluido,1280.15
497,373,2025-08-06,concluido,250.22
498,107,2025-04-07,concluido,1497.28
499,245,2025-06-05,concluido,504.94
500,89,2026-02-04,concluido,823.03
501,280,2025-07-18,concluido,1169.39
502,370,2025-11-15,concluido,1215.3
503,136,2025-05-18,concluido,328.78
504,127,2025-09-02,concluido,482.82
505,483,2026-02-02,devolvido,481.54
506,148,2025-07-05,concluido,1050.85
507,251,2025-04-05,concluido,555.76
508,479,2025-04-18,cancelado,1096.41
509,148,2025-11-13,concluido,1031.1
510,195,2026-01-31,cancelado,622.07
511,177,2025-12-26,devolvido,1216.69
512,149,2025-10-03,concluido,1435.2
513,41,2025-12-25,concluido,691.45
514,132,2025-11-19,concluido,360.28
515,424,2025-06-01,concluido,1402.88
516,357,2025-08-24,concluido,208.38
517,380,2026-01-26,concluido,401.56
518,343,2025-05-06,cancelado,377.22
519,120,2025-07-07,concluido,649.29
520,368,2025-06-02,concluido,1037.73
521,71,2025-10-13,concluido,848.01
522,476,2025-05-07,concluido,996.69
523,451,2025-12-24,cancelado,742.3
524,103,2025-11-28,concluido,466.51
525,147,2025-08-11,concluido,1366.51
526,46,2026-03-29,concluido,386.72
527,379,2026-01-21,concluido,1408.17
528,468,2025-11-30,cancelado,655.93
529,429,2025-04-25,concluido,1383.47
530,429,2025-04-25,concluido,768.31
531,480,2025-08-18,concluido,1314.82
532,149,2025-12-08,cancelado,63.44
533,291,2025-05-31,concluido,1396.26
534,172,2025-12-30,concluido,1484.19
535,279,2025-10-27,concluido,1339.43
536,69,2026-02-03,cancelado,728.63
537,99,2025-05-13,concluido,529.49
538,375,2025-05-20,concluido,423.03
539,96,2025-10-08,concluido,538.81
540,152,2025-07-01,concluido,1148.06
541,90,2025-08-03,concluido,976.15
542,208,2025-11-04,concluido,797.16
543,45,2026-02-02,concluido,188.31
544,72,2025-12-08,concluido,1406.95
545,4,2026-01-20,concluido,391.51
546,386,2025-08-14,concluido,527.96
547,299,2026-02-08,concluido,66.58
548,335,2026-03-14,concluido,392.64
549,342,2025-09-19,concluido,494.87
550,208,2026-01-11,concluido,1388.5
551,455,2025-06-15,concluido,500.92
552,61,2025-04-10,concluido,1413.92
553,189,2025-12-25,concluido,367.74
554,69,2025-08-26,concluido,709.72
555,311,2025-08-19,concluido,1067.81
556,468,2026-01-08,concluido,829.4
557,341,2025-05-24,concluido,1154.7
558,349,2025-07-08,concluido,1316.05
559,42,2026-03-17,concluido,815.85
560,186,2025-04-17,concluido,868.04
561,32,2025-10-07,concluido,1359.19
562,104,2026-01-01,concluido,267.29
563,168,2025-09-18,cancelado,690.67
564,349,2025-11-05,concluido,895.56
565,47,2025-07-25,cancelado,695.95
566,29,2025-10-29,concluido,794.21
567,234,2025-12-28,concluido,860.26
568,345,2025-10-09,concluido,1098.76
569,203,2025-06-14,concluido,54.37
570,112,2025-11-08,concluido,115.67
571,177,2025-06-13,concluido,834.69
572,31,2025-10-30,cancelado,150.08
573,479,2025-08-15,concluido,466.28
574,93,2025-08-05,concluido,1160.45
575,374,2026-01-11,concluido,659.52
576,457,2025-09-30,concluido,1310.95
577,465,2025-07-17,concluido,166.36
578,494,2026-03-04,concluido,831.99
579,335,2026-02-18,cancelado,222.02
580,276,2025-11-20,concluido,234.65
581,115,2026-03-23,concluido,1146.46
582,153,2026-03-02,concluido,1092.69
583,218,2025-11-03,concluido,1243.87
584,127,2025-06-03,concluido,274.93
585,97,2025-04-28,cancelado,1101.28
586,58,2025-10-25,concluido,1007.29
587,315,2025-06-01,concluido,1331.45
588,9,2025-09-23,concluido,147.57
589,305,2025-07-25,concluido,916.79
590,361,2026-02-14,cancelado,404.86
591,23,2025-07-13,concluido,389.79
592,112,2025-10-29,concluido,1175.29
593,72,2025-08-22,concluido,469.43
594,418,2025-09-25,cancelado,885.36
595,296,2025-04-02,concluido,1025.17
596,165,2026-01-28,concluido,1320.57
597,339,2025-12-05,concluido,649.66
598,141,2025-10-15,concluido,1425.35
599,451,2025-08-27,concluido,303.94
600,348,2026-01-11,concluido,768.65
601,498,2025-06-13,concluido,982.81
602,196,2026-03-10,concluido,512.16
603,214,2025-04-09,concluido,484.84
604,95,2025-11-28,concluido,736.6
605,435,2026-02-28,concluido,1293.43
606,74,2025-08-21,concluido,1376.37
607,288,2026-01-28,concluido,653.94
608,272,2025-11-28,concluido,402.14
609,105,2025-07-03,concluido,164.65
610,231,2025-08-04,concluido,184.07
611,371,2026-01-07,concluido,124.73
612,194,2025-04-26,concluido,924.24
613,448,2025-12-13,concluido,1216.74
614,301,2025-10-28,concluido,860.33
615,246,2026-02-14,concluido,1365.2
616,156,2025-08-30,devolvido,72.23
617,480,2025-06-14,concluido,1125.14
618,383,2025-10-22,devolvido,744.44
619,125,2025-12-23,concluido,1070.46
620,204,2025-10-12,cancelado,850.51
621,398,2026-01-24,concluido,726.06
622,333,2025-11-02,concluido,429.26
623,263,2025-05-31,cancelado,725.71
624,412,2025-11-26,devolvido,730.76
625,430,2025-07-20,concluido,344.53
626,161,2025-08-05,concluido,865.66
627,114,2025-09-08,concluido,73.52
628,284,2025-12-06,cancelado,889.76
629,214,2025-08-05,concluido,334.48
630,118,2025-05-14,concluido,1258.38
631,256,2025-05-09,concluido,1418.02
632,173,2025-10-22,concluido,1241.31
633,495,2025-12-13,concluido,1122.41
634,236,2025-04-27,concluido,1202.71
635,87,2025-04-19,concluido,842.49
636,95,2026-02-20,cancelado,836.1
637,329,2026-04-01,devolvido,809.72
638,430,2025-05-22,concluido,1420.52
639,343,2025-06-10,concluido,59.26
640,71,2026-03-07,concluido,385.58
641,363,2025-04-14,concluido,367.14
642,234,2025-06-19,concluido,945.86
643,342,2025-05-13,cancelado,1373.49
644,338,2025-10-07,concluido,59.59
645,283,2025-06-15,concluido,74.25
646,370,2025-05-10,concluido,1467.35
647,9,2025-04-14,concluido,1061.9
648,221,2025-11-09,concluido,1369.17
649,55,2025-12-07,cancelado,810.36
650,124,2026-02-20,concluido,813.36
651,418,2025-08-30,concluido,1202.66
652,41,2025-12-13,concluido,638.74
653,290,2025-10-09,concluido,1060.99
654,154,2025-10-23,concluido,1279.41
655,335,2025-11-30,devolvido,992.35
656,17,2025-12-30,concluido,599.93
657,283,2025-11-17,concluido,973.28
658,360,2025-07-10,concluido,774.79
659,223,2025-04-21,concluido,530.34
660,440,2025-08-22,devolvido,1347.45
661,471,2025-06-26,concluido,356.55
662,445,2025-11-23,concluido,871.84
663,139,2026-01-05,concluido,157.8
664,474,2025-04-29,concluido,837.39
665,337,2025-04-07,concluido,1396.71
666,162,2026-03-29,concluido,350.38
667,74,2026-03-25,concluido,1083.43
668,204,2025-06-22,cancelado,483.95
669,289,2025-12-12,concluido,1260.24
670,200,2025-10-09,concluido,833.82
671,197,2026-03-28,concluido,252.93
672,353,2026-03-13,concluido,776.15
673,499,2026-02-19,concluido,191.64
674,119,2025-05-03,concluido,543.86
675,394,2025-09-30,concluido,913.63
676,497,2026-02-07,concluido,92.96
677,140,2025-12-06,concluido,703.3
678,117,2025-04-25,concluido,1414.66
679,222,2025-08-20,concluido,899.52
680,195,2025-11-04,concluido,946.99
681,409,2026-01-15,concluido,156.58
682,138,2026-04-01,concluido,1081.93
683,325,2026-03-13,concluido,614.95
684,185,2025-09-10,concluido,57.53
685,158,2026-02-15,concluido,1153.95
686,53,2025-08-23,concluido,321.72
687,230,2026-02-04,concluido,793.04
688,53,2026-01-02,concluido,563.18
689,48,2025-04-24,concluido,1187.44
690,443,2026-02-15,concluido,473.18
691,199,2025-11-27,concluido,1101.02
692,287,2025-07-14,cancelado,1468.35
693,293,2025-10-24,concluido,1043.71
694,87,2025-04-17,concluido,486.64
695,253,2026-01-12,concluido,292.45
696,142,2025-04-29,concluido,752.14
697,40,2026-02-20,concluido,1419.12
698,370,2025-07-29,concluido,911.02
699,101,2025-05-02,concluido,246.46
700,4,2025-06-24,cancelado,531.71
701,318,2025-10-20,concluido,1300.19
702,226,2025-05-09,concluido,1232.44
703,441,2025-05-11,concluido,911.87
704,154,2026-01-08,concluido,1423.55
705,103,2025-06-30,concluido,307.57
706,204,2025-10-25,devolvido,472.6
707,356,2025-08-29,concluido,1453.26
708,401,2025-06-14,concluido,595.28
709,419,2025-06-16,concluido,579.27
710,478,2025-10-23,concluido,908.73
711,280,2025-12-13,concluido,1163.05
712,14,2025-07-07,devolvido,719.35
713,363,2025-11-09,concluido,1206.64
714,426,2025-11-30,concluido,1237.5
715,408,2025-06-10,concluido,1025.82
716,72,2025-11-04,concluido,400.93
717,338,2026-01-17,concluido,663.54
718,194,2025-11-04,concluido,1486.52
719,246,2025-09-10,concluido,824.83
720,473,2026-01-16,cancelado,1052.98
721,279,2025-05-12,concluido,1454.22
722,360,2026-01-24,cancelado,828.51
723,327,2025-12-06,cancelado,208.59
724,128,2025-11-11,concluido,564.76
725,332,2025-08-19,concluido,866.67
726,331,2025-12-19,concluido,629.45
727,386,2025-09-27,concluido,1204.54
728,55,2025-12-30,concluido,425.17
729,262,2025-12-16,concluido,859.09
730,353,2025-09-14,concluido,696.38
731,201,2026-03-10,concluido,1035.36
732,354,2025-05-12,concluido,550.2
733,13,2025-06-05,concluido,478.38
734,472,2026-02-03,devolvido,218.3
735,482,2025-06-11,concluido,555.08
736,176,2025-11-01,concluido,349.96
737,248,2025-09-04,concluido,191.55
738,370,2025-10-15,concluido,512.42
739,154,2025-08-11,concluido,1080.63
740,12,2025-12-13,concluido,989.56
741,347,2025-06-02,concluido,1398.39
742,380,2025-10-26,concluido,302.96
743,82,2025-11-20,concluido,668.24
744,237,2025-09-21,concluido,637.32
745,95,2026-03-30,concluido,1003.1
746,203,2025-08-16,concluido,940.46
747,102,2026-03-18,concluido,672.85
748,3,2025-08-02,concluido,348.39
749,386,2025-11-01,concluido,1204.21
750,296,2025-08-06,concluido,1314.37
751,96,2026-02-24,concluido,335.76
752,59,2025-08-24,concluido,1300.82
753,271,2025-09-09,devolvido,504.44
754,199,2026-01-23,concluido,901.16
755,179,2025-12-03,concluido,713.9
756,89,2025-09-16,concluido,1073.68
757,153,2026-02-16,cancelado,905.74
758,345,2026-01-08,concluido,220.9
759,157,2025-08-05,concluido,591.29
760,73,2025-11-24,concluido,656.45
761,71,2025-07-04,concluido,663.41
762,250,2025-11-06,concluido,1055.48
763,331,2025-10-30,cancelado,301.19
764,86,2025-06-24,concluido,253.43
765,162,2025-08-25,concluido,948.14
766,444,2026-01-24,concluido,63.9
767,70,2025-11-01,concluido,606.72
768,288,2026-03-27,concluido,767.71
769,351,2026-01-16,concluido,1079.71
770,228,2025-07-09,concluido,169.87
771,16,2025-08-19,concluido,369.77
772,17,2025-09-24,concluido,829.53
773,87,2025-09-22,concluido,870.19
774,396,2025-09-03,concluido,847.1
775,58,2025-04-02,concluido,438.44
776,279,2026-01-09,concluido,581.95
777,422,2025-04-15,concluido,1152.01
778,226,2025-07-21,concluido,1485.17
779,53,2025-11-19,concluido,997.82
780,127,2025-04-08,concluido,1499.0
781,231,2025-10-20,concluido,1300.19
782,45,2025-05-24,concluido,1491.24
783,398,2026-03-13,concluido,354.32
784,378,2025-07-28,concluido,558.41
785,364,2025-04-04,concluido,670.84
786,316,2025-07-27,concluido,349.6
787,106,2025-06-27,concluido,876.61
788,273,2025-06-24,concluido,831.21
789,166,2026-02-28,devolvido,474.32
790,294,2025-08-02,concluido,1294.12
791,461,2025-04-10,concluido,188.08
792,493,2026-01-26,concluido,646.81
793,31,2026-02-15,devolvido,1307.22
794,65,2025-12-25,concluido,242.4
795,75,2026-02-15,concluido,1251.3
796,390,2025-07-18,concluido,619.42
797,73,2026-03-24,concluido,439.64
798,213,2025-11-03,concluido,159.5
799,407,2025-10-17,cancelado,184.99
800,264,2025-11-04,concluido,1057.32
801,450,2025-11-09,concluido,1427.87
802,168,2026-03-27,concluido,1309.92
803,434,2025-11-09,concluido,1109.85
804,235,2025-06-01,concluido,1061.07
805,436,2025-05-08,concluido,824.92
806,112,2025-04-16,devolvido,1246.03
807,254,2025-09-27,concluido,1251.1
808,173,2025-08-18,concluido,239.36
809,437,2025-06-01,concluido,548.42
810,350,2025-05-25,concluido,116.62
811,321,2025-07-13,concluido,716.39
812,64,2025-08-22,cancelado,279.08
813,234,2026-03-13,concluido,1439.15
814,104,2025-11-14,devolvido,1368.64
815,452,2025-07-08,concluido,280.52
816,478,2025-07-01,cancelado,185.34
817,185,2025-07-10,concluido,589.17
818,463,2026-02-10,concluido,125.09
819,321,2025-07-27,concluido,1064.19
820,120,2025-05-07,concluido,182.24
821,49,2025-11-09,concluido,741.37
822,68,2025-09-04,concluido,803.19
823,228,2025-11-09,concluido,1058.62
824,419,2026-03-24,concluido,1297.49
825,356,2025-06-25,concluido,152.7
826,197,2026-01-12,concluido,1218.64
827,53,2025-05-01,concluido,1327.43
828,71,2026-01-08,concluido,1229.38
829,448,2025-08-06,concluido,1489.76
830,74,2026-02-03,concluido,866.77
831,313,2025-10-06,concluido,688.14
832,370,2025-06-08,concluido,1134.99
833,471,2025-10-08,concluido,1045.52
834,441,2026-02-16,concluido,1350.06
835,72,2026-03-17,concluido,904.88
836,197,2025-12-25,concluido,672.61
837,406,2025-12-30,concluido,451.6
838,44,2025-11-11,concluido,921.45
839,370,2026-02-14,concluido,1179.51
840,354,2026-03-20,concluido,1278.25
841,449,2025-05-09,concluido,800.74
842,261,2025-11-19,concluido,618.04
843,331,2025-12-07,concluido,1351.97
844,489,2025-07-27,concluido,609.53
845,124,2025-04-16,concluido,911.2
846,271,2026-01-10,cancelado,67.5
847,185,2026-02-09,cancelado,241.38
848,441,2025-11-11,concluido,660.25
849,280,2025-08-28,concluido,1155.95
850,489,2025-05-02,devolvido,155.84
851,301,2026-01-29,concluido,430.17
852,21,2025-04-23,cancelado,1425.59
853,204,2026-03-26,concluido,961.43
854,257,2026-01-26,concluido,664.18
855,206,2025-08-09,concluido,828.02
856,316,2025-08-15,concluido,171.22
857,41,2026-03-09,concluido,344.64
858,414,2026-02-13,concluido,523.79
859,301,2025-09-17,concluido,1260.06
860,349,2025-09-10,concluido,499.75
861,224,2026-03-29,concluido,1277.38
862,30,2026-03-05,concluido,1390.71
863,60,2025-05-18,concluido,932.81
864,159,2026-03-05,concluido,1004.18
865,90,2026-01-26,concluido,1076.46
866,360,2025-06-29,concluido,769.8
867,178,2026-01-17,concluido,1185.33
868,370,2025-12-11,concluido,589.21
869,384,2026-02-25,concluido,439.71
870,454,2025-11-21,concluido,1354.85
871,172,2026-03-28,concluido,444.37
872,33,2025-04-06,concluido,1463.82
873,322,2025-12-04,concluido,710.04
874,185,2026-01-28,concluido,1296.07
875,86,2025-12-03,concluido,419.92
876,53,2025-08-28,cancelado,1027.47
877,60,2025-04-23,concluido,787.8
878,23,2025-07-29,cancelado,67.82
879,24,2025-10-22,concluido,605.32
880,77,2025-04-17,concluido,1442.5
881,19,2025-08-04,concluido,1375.22
882,380,2025-10-28,concluido,375.55
883,128,2025-11-07,concluido,1094.42
884,139,2025-05-30,concluido,878.73
885,62,2025-08-06,concluido,1357.81
886,92,2025-10-14,concluido,797.87
887,24,2025-12-28,devolvido,149.94
888,239,2025-06-26,cancelado,1171.61
889,160,2025-05-31,concluido,851.98
890,5,2025-04-21,concluido,472.81
891,402,2025-12-19,concluido,952.94
892,238,2026-01-11,concluido,1459.19
893,396,2025-09-01,concluido,1112.07
894,280,2025-09-22,concluido,405.43
895,4,2026-01-19,cancelado,84.67
896,278,2025-11-19,concluido,1267.38
897,450,2025-11-11,concluido,535.78
898,389,2025-10-15,concluido,1281.06
899,373,2025-05-06,concluido,347.53
900,122,2025-06-27,concluido,1443.72
901,498,2025-09-16,devolvido,1081.9
902,48,2025-07-23,concluido,385.64
903,433,2026-02-01,concluido,1066.23
904,191,2025-09-02,concluido,1134.45
905,298,2025-05-29,concluido,243.6
906,420,2025-05-23,concluido,908.25
907,32,2025-08-10,concluido,1448.12
908,122,2025-05-04,concluido,1283.82
909,475,2025-10-03,concluido,1066.05
910,377,2025-11-09,concluido,706.5
911,120,2026-01-16,concluido,343.93
912,400,2025-04-21,concluido,208.01
913,55,2025-10-31,concluido,725.78
914,209,2025-09-04,concluido,569.52
915,395,2025-07-12,concluido,497.05
916,136,2025-05-05,cancelado,181.11
917,414,2025-09-03,concluido,1248.26
918,357,2025-10-13,concluido,361.78
919,439,2025-09-17,concluido,182.26
920,128,2026-01-27,devolvido,624.55
921,26,2025-12-29,concluido,427.24
922,90,2025-05-22,concluido,636.37
923,232,2026-01-22,concluido,847.68
924,49,2025-05-24,concluido,1215.65
925,72,2025-10-05,concluido,139.42
926,400,2025-11-05,devolvido,239.54
927,422,2025-06-17,concluido,1045.11
928,481,2025-10-08,concluido,894.37
929,133,2025-09-02,cancelado,158.73
930,34,2025-12-11,concluido,986.68
931,415,2025-11-09,concluido,1362.36
932,425,2025-06-17,concluido,227.67
933,483,2025-11-05,concluido,293.58
934,294,2025-11-27,concluido,1100.42
935,255,2026-01-12,concluido,1040.66
936,89,2025-10-22,concluido,1367.04
937,141,2025-07-06,concluido,1330.96
938,18,2025-07-05,concluido,944.62
939,332,2025-04-29,concluido,647.39
940,282,2025-07-14,concluido,177.2
941,197,2026-01-28,concluido,339.21
942,453,2025-09-16,concluido,411.26
943,411,2025-08-05,concluido,78.32
944,196,2025-12-23,concluido,570.71
945,279,2026-03-26,concluido,548.85
946,290,2025-11-11,concluido,613.15
947,93,2025-05-06,concluido,915.82
948,16,2025-05-15,cancelado,1178.88
949,30,2025-12-18,concluido,733.94
950,184,2025-09-09,concluido,1499.43
951,499,2025-09-13,concluido,409.39
952,124,2025-08-21,concluido,1233.61
953,470,2025-08-15,concluido,1157.87
954,486,2025-06-14,concluido,1277.43
955,409,2025-08-04,concluido,1406.05
956,433,2025-08-13,concluido,393.0
957,163,2025-11-18,concluido,1061.56
958,468,2025-12-12,concluido,1070.01
959,181,2025-04-11,cancelado,867.23
960,289,2026-01-25,cancelado,1263.21
961,415,2025-07-29,cancelado,763.73
962,159,2025-06-06,concluido,105.05
963,29,2025-08-15,concluido,367.27
964,270,2025-11-27,concluido,531.01
965,315,2026-02-15,concluido,239.21
966,368,2026-02-07,concluido,1213.52
967,445,2025-09-20,concluido,81.77
968,301,2025-11-30,concluido,255.4
969,57,2025-05-28,concluido,1297.97
970,492,2025-09-20,concluido,1071.58
971,340,2025-04-19,concluido,196.5
972,155,2026-03-26,concluido,1465.0
973,375,2026-02-13,cancelado,1198.17
974,492,2025-07-01,concluido,510.06
975,363,2025-06-18,devolvido,1055.66
976,476,2025-12-24,concluido,567.4
977,341,2025-08-25,concluido,304.26
978,158,2025-06-01,concluido,477.05
979,91,2026-01-21,concluido,1425.74
980,486,2026-01-09,concluido,1283.6
981,395,2026-02-27,devolvido,96.95
982,309,2025-05-05,concluido,1222.77
983,314,2025-05-15,concluido,870.05
984,480,2026-01-14,concluido,530.19
985,40,2025-04-23,concluido,1474.45
986,86,2025-07-05,concluido,1446.47
987,421,2025-11-29,concluido,976.7
988,454,2026-03-27,concluido,66.52
989,108,2025-05-29,concluido,148.3
990,132,2026-03-05,concluido,1094.6
991,25,2026-02-19,concluido,1112.25
992,497,2026-02-14,concluido,650.33
993,452,2025-07-22,concluido,841.73
994,52,2025-04-07,concluido,1193.66
995,296,2025-08-13,concluido,1046.38
996,84,2025-12-27,concluido,1208.83
997,18,2026-02-08,concluido,512.14
998,488,2025-05-15,concluido,545.62
999,455,2025-07-29,concluido,1111.38
1000,281,2025-09-23,cancelado,1468.16
1001,174,2025-10-01,concluido,939.78
1002,248,2025-04-10,concluido,675.42
1003,335,2025-08-08,concluido,1340.14
1004,81,2025-06-22,concluido,530.09
1005,499,2026-01-14,concluido,1060.94
1006,370,2025-10-27,cancelado,833.18
1007,339,2025-06-23,concluido,394.45
1008,26,2025-06-20,concluido,847.01
1009,252,2025-10-31,concluido,573.2
1010,219,2025-10-22,concluido,1244.65
1011,321,2026-01-18,concluido,339.53
1012,14,2025-07-11,concluido,975.38
1013,42,2025-11-01,concluido,217.49
1014,402,2025-10-06,concluido,759.19
1015,339,2025-11-29,concluido,980.71
1016,199,2026-01-10,concluido,1333.96
1017,190,2025-05-26,concluido,114.69
1018,226,2025-12-27,concluido,378.05
1019,138,2025-12-29,concluido,269.14
1020,357,2025-12-17,concluido,174.28
1021,177,2025-04-09,concluido,650.28
1022,388,2025-08-26,concluido,852.72
1023,431,2025-11-14,concluido,807.74
1024,495,2026-03-19,concluido,1307.0
1025,244,2025-12-15,concluido,391.68
1026,154,2025-10-23,concluido,1359.03
1027,366,2025-04-18,concluido,878.27
1028,265,2025-07-10,concluido,1032.43
1029,318,2025-06-07,concluido,1426.42
1030,230,2025-04-25,concluido,1477.33
1031,498,2025-07-21,concluido,329.45
1032,22,2025-06-18,concluido,1483.01
1033,223,2026-02-02,concluido,1242.72
1034,76,2025-12-28,concluido,423.94
1035,467,2025-11-27,concluido,1220.65
1036,45,2025-07-16,concluido,626.16
1037,167,2025-04-22,cancelado,803.55
1038,470,2025-09-29,cancelado,1190.5
1039,320,2025-12-12,concluido,1183.44
1040,58,2025-04-05,concluido,264.89
1041,302,2025-04-27,concluido,1449.01
1042,52,2025-08-30,cancelado,865.89
1043,52,2025-12-14,concluido,1307.84
1044,451,2025-07-16,concluido,645.79
1045,197,2025-12-15,concluido,879.43
1046,243,2026-02-26,concluido,449.35
1047,74,2026-03-22,concluido,1037.18
1048,206,2025-12-14,concluido,1339.88
1049,170,2025-08-19,concluido,121.47
1050,244,2026-03-03,cancelado,1350.7
1051,11,2025-05-13,concluido,1200.8
1052,160,2025-04-09,concluido,762.85
1053,357,2025-07-24,concluido,1460.12
1054,117,2026-03-04,concluido,1462.62
1055,227,2026-03-11,concluido,515.26
1056,374,2025-12-10,concluido,986.05
1057,97,2025-08-30,concluido,1374.48
1058,209,2025-06-30,concluido,1151.27
1059,445,2025-08-27,concluido,131.5
1060,406,2025-10-16,concluido,501.13
1061,260,2026-01-02,concluido,1181.75
1062,269,2025-05-10,cancelado,91.97
1063,99,2026-03-19,cancelado,341.05
1064,30,2025-08-02,concluido,711.85
1065,471,2025-10-07,concluido,338.71
1066,189,2026-03-04,concluido,782.43
1067,326,2025-11-19,cancelado,1037.7
1068,124,2025-10-25,concluido,911.36
1069,91,2025-05-06,devolvido,738.14
1070,283,2025-06-13,concluido,287.09
1071,458,2025-06-18,concluido,1254.76
1072,47,2025-10-13,concluido,610.52
1073,84,2025-09-26,cancelado,1180.75
1074,110,2025-11-05,cancelado,988.7
1075,347,2026-03-27,concluido,994.8
1076,263,2026-01-03,concluido,1181.44
1077,393,2025-04-10,concluido,737.44
1078,68,2025-04-17,concluido,921.66
1079,5,2025-07-07,concluido,932.1
1080,483,2026-03-26,concluido,1452.19
1081,330,2025-10-24,concluido,1348.45
1082,437,2025-07-29,concluido,415.4
1083,239,2025-08-09,concluido,804.92
1084,320,2025-10-09,concluido,198.35
1085,262,2025-09-01,devolvido,1451.4
1086,430,2026-01-16,concluido,988.65
1087,312,2025-06-01,concluido,1042.4
1088,247,2025-04-09,concluido,1483.12
1089,328,2025-08-14,concluido,451.48
1090,336,2025-12-23,concluido,1343.94
1091,153,2025-08-16,concluido,800.08
1092,124,2025-08-18,cancelado,1217.87
1093,411,2025-11-30,concluido,635.94
1094,164,2025-07-28,concluido,1095.86
1095,336,2025-07-02,concluido,478.63
1096,465,2025-10-13,concluido,613.0
1097,19,2025-07-18,concluido,1492.39
1098,418,2026-02-11,concluido,1103.5
1099,114,2025-04-26,concluido,975.55
1100,244,2025-12-01,cancelado,1024.21
1101,260,2025-07-11,concluido,296.48
1102,337,2026-03-09,cancelado,312.65
1103,50,2025-08-30,concluido,1124.33
1104,372,2026-03-13,concluido,1156.23
1105,94,2026-02-12,cancelado,1354.41
1106,336,2025-04-13,concluido,565.16
1107,382,2025-11-03,cancelado,659.69
1108,455,2025-07-19,concluido,427.81
1109,151,2025-06-28,concluido,220.78
1110,28,2025-05-30,cancelado,896.18
1111,484,2025-08-12,concluido,734.72
1112,100,2026-03-16,concluido,1307.87
1113,196,2025-09-01,concluido,649.01
1114,446,2025-12-13,cancelado,249.18
1115,103,2025-05-25,concluido,1481.43
1116,458,2025-05-06,cancelado,713.48
1117,162,2026-01-10,cancelado,311.52
1118,42,2025-08-28,concluido,965.0
1119,91,2025-10-21,concluido,134.12
1120,232,2025-12-21,concluido,1153.73
1121,87,2025-11-25,concluido,279.73
1122,403,2026-03-06,concluido,177.66
1123,315,2025-11-30,concluido,672.64
1124,220,2025-12-24,devolvido,605.81
1125,20,2025-06-29,concluido,1109.46
1126,487,2025-09-11,concluido,517.21
1127,427,2025-07-04,concluido,75.98
1128,3,2025-11-10,concluido,410.79
1129,356,2025-05-31,cancelado,502.53
1130,53,2025-09-14,concluido,903.57
1131,86,2025-08-01,concluido,116.29
1132,486,2026-03-21,concluido,1105.36
1133,306,2025-11-23,concluido,678.81
1134,352,2025-08-07,devolvido,546.96
1135,462,2025-09-23,concluido,1137.67
1136,85,2025-10-29,cancelado,1381.4
1137,207,2025-05-23,concluido,375.27
1138,68,2025-06-21,concluido,81.77
1139,259,2025-12-11,concluido,581.56
1140,334,2025-05-25,concluido,594.03
1141,328,2025-11-13,concluido,825.36
1142,25,2025-10-29,concluido,119.54
1143,56,2025-12-23,concluido,78.63
1144,354,2026-02-06,concluido,694.26
1145,64,2025-06-19,concluido,737.87
1146,79,2026-03-02,concluido,1044.32
1147,5,2025-05-25,concluido,1009.41
1148,340,2025-07-31,concluido,953.06
1149,359,2025-12-25,concluido,1254.45
1150,54,2025-12-31,concluido,945.66
1151,145,2026-03-16,concluido,204.08
1152,102,2025-10-22,concluido,1178.04
1153,426,2026-03-21,concluido,342.43
1154,361,2025-05-24,concluido,282.54
1155,281,2025-09-16,concluido,351.16
1156,478,2026-03-21,concluido,390.03
1157,7,2026-01-26,concluido,1364.98
1158,428,2025-05-28,concluido,766.45
1159,487,2025-12-12,concluido,791.97
1160,371,2026-03-30,concluido,1361.93
1161,330,2025-11-07,concluido,1483.57
1162,152,2026-03-24,concluido,122.62
1163,417,2025-06-02,concluido,107.19
1164,149,2025-08-03,concluido,1031.31
1165,219,2025-04-28,concluido,187.75
1166,389,2025-11-04,cancelado,64.02
1167,71,2025-10-25,concluido,297.24
1168,184,2026-01-06,cancelado,1434.88
1169,138,2025-05-17,cancelado,184.78
1170,418,2025-06-12,concluido,215.06
1171,205,2025-08-03,devolvido,444.16
1172,198,2026-02-22,concluido,743.46
1173,216,2026-03-09,concluido,1205.52
1174,58,2025-05-28,concluido,1103.3
1175,483,2026-01-09,concluido,200.38
1176,467,2025-04-13,concluido,1213.28
1177,348,2026-01-24,concluido,936.42
1178,399,2025-08-03,concluido,91.78
1179,351,2026-03-09,cancelado,1104.55
1180,457,2025-09-09,concluido,1384.58
1181,58,2025-09-08,cancelado,689.0
1182,33,2025-07-28,concluido,505.65
1183,361,2025-09-21,cancelado,810.99
1184,381,2026-01-16,concluido,869.27
1185,490,2026-03-30,concluido,540.54
1186,268,2026-02-15,concluido,946.45
1187,222,2026-03-15,concluido,410.44
1188,178,2025-12-05,concluido,980.04
1189,77,2026-03-30,concluido,859.6
1190,314,2026-01-13,concluido,982.93
1191,81,2025-07-17,concluido,730.47
1192,254,2025-05-31,cancelado,158.55
1193,252,2026-01-29,concluido,529.8
1194,143,2025-06-13,concluido,372.92
1195,330,2025-05-13,concluido,1234.8
1196,41,2025-05-23,concluido,1211.83
1197,230,2025-06-12,concluido,772.76
1198,162,2025-04-12,concluido,771.19
1199,335,2026-01-23,concluido,634.99
1200,19,2025-11-25,concluido,50.25
1201,47,2025-11-27,concluido,1446.6
1202,327,2025-07-14,concluido,787.09
1203,106,2025-11-23,concluido,711.5
1204,175,2025-11-08,concluido,128.7
1205,115,2025-11-25,concluido,531.36
1206,393,2025-06-30,concluido,736.04
1207,337,2025-11-19,concluido,706.17
1208,50,2025-07-01,concluido,371.53
1209,175,2025-06-30,concluido,968.81
1210,410,2025-12-24,concluido,806.88
1211,360,2025-04-12,concluido,1350.47
1212,253,2025-08-19,concluido,1089.44
1213,370,2025-05-02,concluido,418.72
1214,101,2025-12-25,concluido,1398.81
1215,202,2026-01-29,concluido,1245.6
1216,98,2025-10-04,concluido,206.26
1217,213,2025-05-24,concluido,968.2
1218,345,2025-10-14,concluido,1169.61
1219,231,2026-02-24,concluido,904.51
1220,259,2025-11-22,concluido,773.3
1221,272,2025-10-01,concluido,852.18
1222,222,2026-01-03,concluido,750.25
1223,261,2025-12-10,concluido,1369.76
1224,355,2025-08-25,concluido,1109.22
1225,66,2025-06-12,concluido,1003.41
1226,311,2026-02-26,cancelado,780.96
1227,197,2025-08-30,concluido,933.04
1228,355,2025-10-09,concluido,446.71
1229,494,2025-10-03,concluido,476.55
1230,413,2025-05-25,concluido,648.48
1231,359,2025-06-04,cancelado,792.83
1232,432,2025-06-16,concluido,1298.03
1233,365,2025-06-28,concluido,852.69
1234,112,2025-04-14,concluido,955.04
1235,149,2025-09-07,concluido,1385.73
1236,68,2026-01-23,devolvido,992.63
1237,491,2025-04-07,concluido,836.61
1238,327,2026-03-27,concluido,217.34
1239,181,2025-07-15,concluido,895.07
1240,483,2025-09-09,concluido,655.34
1241,383,2025-06-27,cancelado,824.16
1242,450,2026-01-15,concluido,1222.04
1243,268,2025-12-18,concluido,602.26
1244,28,2025-06-19,concluido,339.86
1245,385,2026-01-21,concluido,1476.12
1246,350,2025-06-20,concluido,1267.1
1247,354,2025-04-27,concluido,345.8
1248,278,2025-06-09,concluido,1230.34
1249,53,2026-03-28,concluido,1029.51
1250,288,2025-09-19,cancelado,1126.5
1251,288,2026-03-04,concluido,790.84
1252,408,2025-11-27,concluido,467.08
1253,341,2025-10-09,concluido,603.29
1254,214,2025-12-25,devolvido,1464.94
1255,161,2025-08-06,devolvido,128.01
1256,381,2026-03-04,concluido,949.81
1257,400,2025-09-26,cancelado,692.44
1258,116,2026-03-12,cancelado,1071.71
1259,332,2025-07-06,concluido,903.16
1260,379,2025-09-15,concluido,1175.41
1261,494,2025-09-06,concluido,700.78
1262,350,2026-01-28,concluido,1445.59
1263,377,2025-04-18,concluido,596.94
1264,220,2025-11-24,concluido,433.15
1265,83,2026-01-12,concluido,419.77
1266,170,2026-02-16,concluido,1409.37
1267,21,2025-08-27,concluido,517.81
1268,27,2026-01-06,concluido,956.78
1269,432,2025-08-01,concluido,761.3
1270,294,2025-09-02,concluido,155.68
1271,363,2025-11-25,concluido,368.94
1272,95,2026-04-01,concluido,1190.07
1273,82,2026-01-15,concluido,828.7
1274,48,2025-11-10,concluido,1330.93
1275,340,2025-11-18,concluido,573.16
1276,112,2025-10-27,devolvido,946.51
1277,244,2025-10-22,devolvido,1244.35
1278,333,2025-12-07,concluido,1019.96
1279,229,2026-03-08,concluido,981.28
1280,471,2025-12-31,concluido,1440.4
1281,350,2026-02-01,cancelado,602.99
1282,408,2025-04-16,cancelado,609.52
1283,277,2025-10-21,concluido,85.82
1284,265,2025-05-14,concluido,593.69
1285,412,2025-09-24,concluido,755.87
1286,152,2025-09-26,cancelado,329.14
1287,264,2026-02-17,concluido,189.14
1288,498,2026-03-08,devolvido,830.06
1289,4,2025-04-18,concluido,355.63
1290,323,2026-03-08,concluido,1304.18
1291,218,2025-07-06,concluido,348.09
1292,425,2025-10-20,concluido,1465.52
1293,397,2025-10-27,concluido,1234.29
1294,37,2025-09-02,concluido,272.94
1295,236,2026-01-12,concluido,104.94
1296,38,2025-04-17,concluido,1201.61
1297,286,2025-11-04,concluido,1241.35
1298,467,2025-08-30,concluido,612.65
1299,323,2025-10-19,concluido,508.79
1300,200,2026-01-24,concluido,825.51
1301,329,2025-12-02,concluido,141.69
1302,382,2025-04-21,concluido,1066.28
1303,38,2025-06-14,concluido,779.11
1304,149,2025-07-24,concluido,486.96
1305,45,2025-09-19,concluido,1393.7
1306,196,2025-09-03,concluido,1008.05
1307,243,2026-03-11,concluido,368.81
1308,383,2025-07-29,concluido,1206.35
1309,280,2026-01-27,concluido,969.37
1310,153,2026-02-17,concluido,1375.54
1311,408,2025-07-22,cancelado,989.51
1312,491,2025-09-28,cancelado,852.61
1313,285,2025-06-05,concluido,110.57
1314,294,2025-09-13,concluido,828.87
1315,485,2025-07-25,concluido,354.58
1316,380,2025-11-26,cancelado,548.58
1317,212,2026-03-24,cancelado,1284.62
1318,73,2025-04-23,concluido,370.14
1319,428,2025-12-25,concluido,216.2
1320,344,2025-10-19,concluido,1285.76
1321,436,2026-03-18,concluido,1485.61
1322,282,2025-05-27,concluido,847.01
1323,149,2025-09-29,concluido,413.5
1324,102,2026-02-18,concluido,756.43
1325,170,2025-12-08,concluido,1023.38
1326,121,2025-09-24,concluido,948.3
1327,461,2025-05-07,concluido,754.5
1328,169,2026-01-07,concluido,493.23
1329,300,2025-10-13,concluido,871.95
1330,414,2025-05-15,concluido,671.05
1331,3,2025-06-10,concluido,1189.21
1332,365,2026-01-29,concluido,682.38
1333,431,2025-11-15,concluido,1035.39
1334,170,2026-04-01,cancelado,721.13
1335,184,2026-03-15,concluido,756.11
1336,56,2025-12-28,concluido,929.61
1337,431,2025-10-31,concluido,1248.34
1338,457,2025-05-24,concluido,431.69
1339,454,2025-09-01,concluido,1104.77
1340,457,2025-09-09,concluido,785.41
1341,16,2025-08-05,concluido,889.41
1342,394,2025-09-24,concluido,1364.14
1343,283,2025-04-11,concluido,1346.28
1344,277,2025-06-10,concluido,1174.04
1345,188,2025-09-25,concluido,1342.58
1346,302,2025-11-17,concluido,471.95
1347,238,2026-03-16,concluido,181.3
1348,187,2026-01-03,concluido,1010.88
1349,435,2026-03-15,devolvido,1473.69
1350,351,2025-06-19,concluido,795.5
1351,229,2026-03-10,concluido,871.22
1352,290,2025-09-25,concluido,1453.22
1353,377,2025-05-07,concluido,1411.8
1354,21,2025-07-08,concluido,757.08
1355,33,2025-08-05,concluido,389.33
1356,343,2025-12-26,concluido,1366.2
1357,185,2025-12-09,concluido,1380.96
1358,452,2026-03-20,concluido,1471.86
1359,166,2026-01-03,concluido,1454.24
1360,325,2026-02-05,concluido,1260.56
1361,135,2025-06-04,concluido,876.73
1362,193,2026-01-05,concluido,579.68
1363,335,2026-01-11,cancelado,162.86
1364,129,2025-05-19,concluido,1365.5
1365,265,2025-05-07,concluido,1234.99
1366,177,2025-05-16,concluido,749.06
1367,310,2026-01-01,concluido,1328.95
1368,226,2025-09-23,concluido,161.78
1369,330,2025-12-04,concluido,267.85
1370,81,2025-08-20,concluido,1090.09
1371,61,2025-05-05,concluido,651.19
1372,170,2025-10-22,concluido,748.2
1373,246,2026-01-01,concluido,906.65
1374,332,2025-08-29,concluido,82.55
1375,23,2026-01-09,concluido,908.9
1376,69,2026-02-03,concluido,106.83
1377,294,2025-10-17,concluido,291.19
1378,473,2025-11-25,concluido,1439.45
1379,307,2025-06-03,devolvido,974.55
1380,450,2025-08-27,concluido,1009.53
1381,146,2025-11-01,cancelado,364.06
1382,311,2025-08-27,devolvido,1307.59
1383,88,2025-04-19,concluido,645.61
1384,74,2026-01-25,concluido,1239.66
1385,94,2025-06-07,concluido,790.67
1386,86,2026-03-22,concluido,546.87
1387,233,2025-08-10,concluido,149.82
1388,194,2025-11-07,concluido,207.43
1389,104,2026-03-06,concluido,1368.54
1390,351,2025-12-14,concluido,266.86
1391,50,2026-03-03,concluido,1357.33
1392,308,2025-05-30,concluido,1186.61
1393,258,2025-06-03,concluido,185.13
1394,338,2026-03-05,concluido,925.04
1395,424,2025-05-28,concluido,1409.72
1396,348,2025-06-10,concluido,806.96
1397,190,2026-01-25,cancelado,1061.58
1398,220,2026-01-03,concluido,1213.34
1399,405,2025-04-21,concluido,558.25
1400,412,2025-09-11,concluido,1154.23
1401,357,2025-07-30,concluido,666.96
1402,131,2025-07-31,concluido,387.14
1403,440,2026-01-10,concluido,917.52
1404,279,2026-01-25,concluido,324.08
1405,364,2025-09-22,concluido,60.32
1406,268,2025-07-23,concluido,60.43
1407,336,2025-12-01,concluido,1216.22
1408,210,2025-06-11,concluido,274.43
1409,334,2025-05-17,concluido,428.89
1410,275,2026-03-16,concluido,580.18
1411,142,2025-05-23,devolvido,626.31
1412,105,2025-06-19,concluido,1186.49
1413,248,2025-04-03,concluido,860.69
1414,248,2025-11-29,concluido,494.65
1415,177,2026-01-24,concluido,627.29
1416,71,2025-07-09,cancelado,1005.96
1417,383,2025-04-06,concluido,1185.51
1418,487,2025-09-27,concluido,360.96
1419,206,2025-10-12,concluido,1211.24
1420,315,2026-02-28,concluido,1074.85
1421,83,2025-10-12,concluido,972.02
1422,412,2025-10-30,concluido,260.73
1423,475,2026-02-09,concluido,177.8
1424,135,2025-04-04,concluido,166.06
1425,20,2025-11-24,concluido,1399.49
1426,206,2026-03-10,concluido,805.46
1427,365,2025-10-10,devolvido,133.32
1428,397,2025-07-03,concluido,978.42
1429,225,2025-06-25,concluido,1283.32
1430,477,2025-11-16,concluido,464.71
1431,18,2025-12-14,concluido,790.29
1432,358,2025-10-03,concluido,295.75
1433,19,2025-09-25,concluido,999.78
1434,500,2025-09-08,concluido,1495.38
1435,400,2025-09-20,concluido,1021.01
1436,208,2025-05-02,concluido,800.73
1437,378,2025-11-21,concluido,1382.81
1438,282,2025-11-21,concluido,1253.16
1439,469,2025-04-04,concluido,553.84
1440,418,2025-07-06,concluido,929.23
1441,100,2026-03-10,concluido,635.74
1442,3,2025-10-31,concluido,640.35
1443,55,2025-07-19,concluido,779.6
1444,175,2025-11-28,cancelado,1214.27
1445,490,2025-12-02,concluido,829.96
1446,407,2025-11-04,concluido,1056.58
1447,495,2026-02-14,concluido,751.26
1448,125,2026-02-16,concluido,1443.8
1449,235,2025-06-21,concluido,1349.96
1450,442,2025-04-20,concluido,218.59
1451,35,2025-06-12,concluido,1193.55
1452,113,2025-05-29,concluido,383.4
1453,162,2025-04-23,concluido,561.99
1454,275,2025-12-11,concluido,1256.66
1455,128,2025-08-15,concluido,628.45
1456,384,2025-04-16,concluido,160.24
1457,477,2025-05-28,concluido,505.12
1458,112,2026-02-27,cancelado,440.16
1459,485,2025-04-14,concluido,1398.87
1460,98,2025-12-17,concluido,339.52
1461,377,2025-11-12,concluido,434.84
1462,118,2026-02-21,concluido,412.06
1463,317,2025-11-22,concluido,1179.46
1464,62,2025-07-26,cancelado,1029.93
1465,340,2025-08-08,concluido,59.6
1466,439,2026-03-25,concluido,111.28
1467,247,2025-05-06,concluido,507.35
1468,460,2025-04-21,devolvido,1350.65
1469,445,2025-05-14,concluido,315.16
1470,392,2025-09-10,cancelado,456.39
1471,114,2025-06-10,concluido,235.96
1472,270,2025-06-03,concluido,743.56
1473,277,2025-12-19,concluido,553.57
1474,441,2025-07-21,concluido,303.46
1475,500,2025-11-25,concluido,801.4
1476,162,2025-12-14,concluido,67.14
1477,108,2025-12-26,concluido,196.08
1478,186,2025-12-29,concluido,426.57
1479,281,2025-11-19,concluido,440.64
1480,491,2025-11-10,concluido,580.59
1481,256,2026-02-01,concluido,657.68
1482,386,2025-11-06,concluido,1288.77
1483,144,2025-06-09,concluido,878.54
1484,295,2025-09-25,concluido,1230.58
1485,370,2026-01-18,concluido,391.92
1486,222,2025-11-12,cancelado,334.29
1487,410,2025-08-19,devolvido,266.84
1488,413,2026-03-29,concluido,661.2
1489,69,2025-04-15,devolvido,1281.62
1490,265,2025-05-08,concluido,507.8
1491,250,2026-01-25,concluido,865.1
1492,291,2025-07-27,concluido,193.51
1493,84,2025-08-05,concluido,1230.04
1494,244,2025-08-23,concluido,189.64
1495,382,2026-03-16,concluido,573.39
1496,287,2025-08-27,concluido,1224.52
1497,177,2026-02-14,concluido,225.79
1498,445,2025-04-28,concluido,928.09
1499,296,2026-01-21,concluido,991.24
1500,90,2025-09-14,devolvido,462.68
1501,167,2026-02-23,concluido,756.87
1502,378,2025-11-01,concluido,163.69
1503,315,2025-04-27,concluido,965.98
1504,75,2025-07-24,cancelado,978.84
1505,476,2025-10-01,concluido,965.35
1506,293,2025-05-24,concluido,1365.26
1507,41,2025-05-19,concluido,380.92
1508,163,2025-12-27,concluido,1080.13
1509,310,2026-03-01,concluido,443.31
1510,228,2025-07-17,concluido,1411.22
1511,383,2025-08-07,concluido,1450.01
1512,212,2025-10-23,concluido,1288.61
1513,65,2025-09-09,concluido,1009.93
1514,482,2025-10-22,concluido,1137.12
1515,108,2025-06-22,concluido,199.36
1516,33,2025-12-28,cancelado,736.12
1517,28,2025-06-22,concluido,625.67
1518,392,2025-11-25,devolvido,200.7
1519,317,2025-04-24,concluido,999.51
1520,454,2025-05-14,concluido,382.57
1521,378,2025-11-09,concluido,958.4
1522,68,2026-01-10,concluido,297.38
1523,18,2025-12-02,concluido,1297.53
1524,167,2025-10-24,cancelado,727.43
1525,446,2025-05-06,concluido,445.0
1526,228,2025-10-06,concluido,1425.3
1527,277,2026-01-08,concluido,916.5
1528,324,2025-12-25,concluido,1322.08
1529,223,2025-11-22,concluido,977.32
1530,159,2026-03-30,cancelado,748.39
1531,117,2026-02-02,concluido,690.7
1532,188,2026-01-01,concluido,275.79
1533,6,2025-07-22,concluido,1232.3
1534,435,2025-09-14,concluido,465.81
1535,274,2025-11-24,concluido,1387.03
1536,485,2026-02-25,concluido,484.44
1537,393,2025-08-02,concluido,474.74
1538,119,2025-07-11,concluido,844.91
1539,97,2025-10-23,concluido,862.8
1540,203,2025-11-11,concluido,1086.66
1541,331,2025-11-30,concluido,598.62
1542,135,2025-08-17,concluido,956.72
1543,265,2026-03-28,concluido,1369.43
1544,414,2025-05-22,concluido,444.2
1545,333,2025-11-26,concluido,1222.77
1546,212,2025-11-06,concluido,149.27
1547,70,2025-10-11,concluido,973.49
1548,317,2025-10-20,concluido,1065.69
1549,252,2026-01-10,concluido,78.12
1550,26,2025-12-03,devolvido,82.09
1551,498,2025-10-12,concluido,440.33
1552,367,2025-10-10,concluido,61.9
1553,47,2026-02-09,concluido,765.69
1554,176,2025-06-10,concluido,1189.3
1555,256,2026-03-11,devolvido,722.34
1556,406,2025-11-24,concluido,166.32
1557,385,2025-07-01,devolvido,131.26
1558,398,2026-01-02,concluido,837.63
1559,93,2025-07-23,concluido,1270.23
1560,419,2025-06-16,concluido,68.29
1561,499,2025-04-02,concluido,411.0
1562,395,2025-05-17,devolvido,408.39
1563,18,2025-04-11,concluido,1116.22
1564,49,2025-09-29,concluido,1474.07
1565,243,2025-11-30,concluido,1443.76
1566,480,2026-02-05,concluido,962.29
1567,22,2025-05-17,concluido,846.89
1568,63,2026-01-13,concluido,975.85
1569,102,2026-02-25,concluido,125.53
1570,342,2025-06-21,concluido,213.75
1571,325,2026-02-06,concluido,71.85
1572,407,2025-11-26,concluido,223.49
1573,405,2025-09-10,concluido,1454.81
1574,298,2025-09-09,concluido,739.14
1575,306,2025-04-19,concluido,1167.66
1576,128,2025-08-09,concluido,182.53
1577,317,2025-08-15,concluido,1455.99
1578,389,2025-11-05,concluido,136.67
1579,331,2026-02-09,concluido,827.71
1580,55,2025-12-05,concluido,387.38
1581,286,2025-06-23,concluido,1147.21
1582,413,2025-04-06,cancelado,1113.12
1583,11,2025-12-06,concluido,569.34
1584,69,2025-06-19,concluido,107.26
1585,362,2025-12-25,concluido,477.34
1586,357,2025-07-20,concluido,871.72
1587,279,2025-07-09,concluido,1111.98
1588,141,2026-02-02,cancelado,918.09
1589,441,2025-04-28,concluido,149.87
1590,80,2025-07-30,concluido,1238.16
1591,278,2025-07-27,concluido,51.04
1592,327,2025-10-15,concluido,1113.8
1593,453,2025-11-01,concluido,1292.4
1594,398,2025-08-05,concluido,515.01
1595,33,2026-01-24,concluido,831.49
1596,199,2025-04-04,concluido,1040.68
1597,393,2025-05-16,concluido,938.91
1598,166,2025-12-24,concluido,516.93
1599,50,2025-08-09,concluido,146.69
1600,428,2025-08-12,cancelado,309.03
1601,17,2025-09-02,concluido,753.79
1602,51,2026-01-08,concluido,980.54
1603,199,2025-11-08,concluido,812.44
1604,360,2025-11-27,concluido,121.17
1605,114,2025-04-13,concluido,152.77
1606,477,2026-02-19,cancelado,1000.84
1607,476,2025-06-09,cancelado,165.94
1608,411,2025-06-16,concluido,573.34
1609,381,2025-08-08,cancelado,653.13
1610,189,2026-02-19,concluido,134.54
1611,316,2025-08-11,concluido,108.95
1612,37,2026-03-26,concluido,163.01
1613,111,2025-12-19,devolvido,190.82
1614,372,2025-10-05,concluido,608.73
1615,99,2026-03-23,concluido,410.71
1616,321,2025-10-03,cancelado,859.71
1617,286,2026-02-05,concluido,203.0
1618,327,2025-04-15,concluido,1028.01
1619,360,2025-12-08,concluido,1330.09
1620,86,2025-05-24,concluido,847.45
1621,259,2025-10-05,concluido,279.36
1622,308,2025-06-01,concluido,560.87
1623,162,2025-12-01,concluido,1495.43
1624,433,2025-09-27,concluido,1158.07
1625,221,2026-03-14,concluido,519.0
1626,124,2026-03-04,concluido,360.2
1627,393,2025-10-27,concluido,1129.64
1628,185,2026-03-15,devolvido,698.87
1629,204,2025-08-10,concluido,100.26
1630,146,2025-09-28,concluido,800.53
1631,456,2026-01-31,concluido,485.48
1632,114,2026-02-12,concluido,506.61
1633,396,2025-09-09,concluido,1050.09
1634,142,2026-03-28,cancelado,791.34
1635,293,2026-01-15,cancelado,274.34
1636,20,2025-04-23,concluido,276.36
1637,136,2026-02-20,concluido,894.13
1638,120,2025-10-21,concluido,485.44
1639,293,2025-07-27,concluido,1380.93
1640,376,2025-11-07,concluido,520.8
1641,248,2026-01-08,concluido,1247.27
1642,354,2025-12-21,concluido,1238.3
1643,49,2025-08-02,concluido,485.57
1644,375,2025-11-03,concluido,603.24
1645,400,2025-10-27,concluido,1167.81
1646,179,2025-04-09,cancelado,679.74
1647,477,2025-06-21,cancelado,1311.19
1648,117,2025-11-12,concluido,1281.74
1649,476,2025-12-24,concluido,1177.26
1650,196,2025-08-08,concluido,810.36
1651,164,2026-02-06,concluido,266.89
1652,258,2026-03-23,concluido,272.14
1653,345,2026-03-12,concluido,619.68
1654,229,2026-02-05,concluido,884.12
1655,47,2025-08-17,concluido,470.19
1656,202,2025-04-27,concluido,537.44
1657,244,2025-05-29,concluido,121.5
1658,205,2025-07-19,concluido,627.86
1659,223,2026-02-22,concluido,239.04
1660,70,2025-04-14,concluido,337.26
1661,203,2025-08-11,concluido,334.34
1662,316,2025-08-25,devolvido,810.16
1663,125,2025-12-01,concluido,1176.32
1664,166,2025-10-26,concluido,885.23
1665,58,2026-02-23,concluido,664.13
1666,179,2025-06-05,concluido,549.56
1667,336,2025-11-09,concluido,491.99
1668,180,2025-11-23,concluido,1485.73
1669,227,2025-08-31,concluido,688.67
1670,474,2025-06-13,concluido,339.54
1671,192,2025-11-19,concluido,1106.31
1672,44,2025-05-17,concluido,129.08
1673,486,2026-03-03,concluido,264.13
1674,427,2026-01-30,concluido,69.91
1675,356,2026-01-18,concluido,492.42
1676,242,2025-07-30,concluido,353.06
1677,276,2025-12-31,concluido,842.32
1678,385,2026-03-01,concluido,750.39
1679,374,2025-08-02,devolvido,1057.85
1680,343,2026-01-02,concluido,895.36
1681,340,2025-04-14,concluido,420.41
1682,31,2025-07-16,concluido,1194.32
1683,317,2025-09-09,concluido,724.19
1684,484,2025-05-05,concluido,613.54
1685,139,2025-10-12,concluido,1373.66
1686,185,2026-03-08,cancelado,77.66
1687,445,2025-07-03,cancelado,610.46
1688,195,2025-08-24,concluido,1079.05
1689,463,2025-09-24,concluido,1306.82
1690,273,2026-02-18,concluido,338.37
1691,495,2025-07-28,concluido,1393.21
1692,12,2025-06-24,concluido,1387.29
1693,157,2025-10-22,concluido,620.43
1694,81,2025-07-28,concluido,1042.25
1695,182,2025-06-08,concluido,392.5
1696,257,2025-05-15,concluido,139.91
1697,132,2025-08-25,cancelado,1341.08
1698,418,2026-01-31,devolvido,1419.0
1699,486,2025-04-16,concluido,269.98
1700,460,2026-01-29,concluido,249.03
1701,374,2025-06-19,concluido,1442.88
1702,314,2026-03-22,cancelado,1045.46
1703,214,2025-05-07,concluido,271.49
1704,497,2025-09-21,concluido,927.78
1705,230,2025-10-15,concluido,349.8
1706,71,2025-04-11,concluido,1041.87
1707,104,2026-02-06,cancelado,498.05
1708,362,2025-10-06,cancelado,1368.87
1709,221,2026-03-19,devolvido,1464.88
1710,75,2025-10-13,concluido,869.02
1711,81,2025-05-31,concluido,858.14
1712,486,2025-06-14,concluido,317.0
1713,430,2025-08-12,cancelado,1104.27
1714,392,2026-03-26,concluido,1460.7
1715,493,2025-10-06,concluido,692.36
1716,479,2026-01-11,concluido,973.43
1717,379,2026-03-07,concluido,1179.71
1718,55,2025-10-22,concluido,87.99
1719,314,2025-07-31,concluido,928.13
1720,314,2026-01-28,concluido,386.66
1721,352,2025-08-07,concluido,165.24
1722,400,2025-05-27,concluido,778.37
1723,310,2026-01-25,concluido,991.87
1724,95,2026-03-06,cancelado,762.6
1725,71,2025-05-10,concluido,378.1
1726,210,2026-02-15,concluido,71.77
1727,139,2026-04-01,devolvido,372.7
1728,344,2025-10-19,devolvido,1148.78
1729,34,2025-12-20,concluido,1434.31
1730,225,2025-05-23,cancelado,760.42
1731,167,2025-06-20,cancelado,1337.0
1732,219,2026-01-08,concluido,110.65
1733,377,2025-04-16,concluido,1094.29
1734,202,2025-09-27,concluido,1126.58
1735,305,2025-08-30,concluido,980.02
1736,361,2026-01-04,concluido,804.94
1737,232,2026-03-03,concluido,1322.76
1738,450,2025-10-21,devolvido,802.12
1739,203,2025-05-16,devolvido,106.91
1740,199,2025-04-03,concluido,964.44
1741,26,2025-07-31,concluido,687.35
1742,453,2026-03-30,concluido,1250.05
1743,237,2025-04-19,concluido,476.91
1744,471,2025-12-24,concluido,799.61
1745,73,2026-02-25,concluido,986.85
1746,47,2025-11-18,concluido,214.1
1747,399,2026-03-06,concluido,1346.78
1748,280,2025-05-05,concluido,649.66
1749,231,2025-08-09,concluido,707.84
1750,460,2025-09-30,concluido,342.8
1751,233,2026-03-13,concluido,519.91
1752,333,2025-04-19,cancelado,1204.91
1753,368,2025-05-12,concluido,182.23
1754,362,2025-10-21,concluido,576.27
1755,269,2026-01-24,concluido,1103.97
1756,500,2025-12-13,concluido,1427.14
1757,194,2026-01-16,concluido,113.66
1758,88,2025-08-01,cancelado,869.96
1759,338,2025-04-10,cancelado,285.08
1760,75,2025-11-12,concluido,1082.47
1761,215,2026-01-21,concluido,1108.73
1762,493,2025-08-01,concluido,958.36
1763,61,2025-12-06,cancelado,1442.63
1764,2,2026-03-14,concluido,417.01
1765,235,2025-06-22,concluido,773.03
1766,414,2025-08-04,concluido,1329.92
1767,122,2025-06-18,concluido,1006.23
1768,233,2025-06-15,concluido,165.14
1769,308,2025-07-22,concluido,1329.14
1770,143,2025-07-18,concluido,858.45
1771,423,2025-10-25,concluido,318.02
1772,29,2025-08-03,concluido,103.25
1773,438,2026-01-27,concluido,888.23
1774,309,2025-09-20,concluido,1384.56
1775,26,2025-12-18,concluido,1490.92
1776,83,2025-05-17,concluido,936.08
1777,355,2025-07-16,concluido,879.81
1778,288,2025-05-29,concluido,710.24
1779,297,2025-06-02,concluido,101.97
1780,394,2025-07-17,concluido,584.43
1781,195,2025-05-16,concluido,1149.74
1782,432,2025-04-07,concluido,474.61
1783,69,2025-11-29,concluido,1296.14
1784,169,2025-11-05,concluido,810.74
1785,357,2025-10-18,concluido,134.37
1786,293,2025-05-11,concluido,962.02
1787,45,2025-06-21,concluido,1048.55
1788,479,2025-10-29,concluido,1074.87
1789,219,2025-08-16,concluido,508.91
1790,270,2025-11-01,concluido,953.7
1791,475,2025-08-03,concluido,865.82
1792,267,2025-07-16,concluido,771.72
1793,414,2025-05-26,concluido,933.64
1794,363,2025-12-31,concluido,330.66
1795,61,2026-02-08,concluido,956.92
1796,61,2025-07-21,concluido,350.63
1797,316,2025-11-10,devolvido,650.36
1798,171,2025-07-06,concluido,1218.76
1799,109,2025-06-07,concluido,341.72
1800,145,2025-04-29,concluido,148.36
1801,154,2025-07-31,concluido,519.69
1802,4,2025-11-26,concluido,533.26
1803,203,2026-03-14,concluido,943.19
1804,15,2025-08-11,concluido,331.32
1805,427,2025-10-28,concluido,1025.09
1806,470,2025-09-21,concluido,101.56
1807,70,2025-04-21,concluido,959.44
1808,457,2025-05-22,cancelado,1349.1
1809,237,2025-04-13,concluido,650.23
1810,381,2025-10-01,concluido,805.56
1811,290,2026-03-18,concluido,507.48
1812,275,2025-12-20,concluido,887.23
1813,170,2025-04-21,concluido,1337.64
1814,182,2025-05-13,concluido,266.49
1815,431,2025-08-28,concluido,1476.25
1816,321,2025-04-22,concluido,290.66
1817,311,2025-05-05,concluido,913.03
1818,443,2025-09-14,concluido,497.01
1819,440,2025-09-01,concluido,95.86
1820,212,2025-06-10,concluido,1321.72
1821,191,2025-12-31,concluido,1428.55
1822,111,2025-11-19,concluido,303.77
1823,192,2026-03-14,concluido,1177.8
1824,468,2025-11-18,concluido,783.69
1825,410,2025-12-02,concluido,775.08
1826,98,2026-02-20,concluido,751.03
1827,448,2025-12-26,concluido,1174.52
1828,74,2025-12-29,concluido,192.46
1829,481,2025-09-22,concluido,1489.44
1830,106,2025-11-27,concluido,716.08
1831,366,2025-08-18,cancelado,217.96
1832,160,2025-08-01,cancelado,1046.23
1833,305,2025-08-09,cancelado,533.27
1834,456,2026-02-13,concluido,804.84
1835,338,2025-06-17,concluido,82.6
1836,389,2026-01-03,concluido,1343.6
1837,165,2026-01-21,concluido,465.52
1838,273,2025-12-18,concluido,689.62
1839,61,2026-02-10,concluido,278.37
1840,59,2025-10-26,concluido,953.27
1841,264,2025-05-02,concluido,836.67
1842,282,2026-03-26,concluido,255.26
1843,361,2026-01-20,concluido,882.42
1844,88,2026-01-23,concluido,939.23
1845,174,2025-09-29,concluido,123.55
1846,15,2025-11-08,concluido,1029.47
1847,55,2025-05-23,concluido,174.87
1848,201,2025-05-08,concluido,914.38
1849,304,2026-02-11,concluido,1050.68
1850,229,2026-02-07,concluido,503.04
1851,419,2026-03-25,concluido,1149.68
1852,415,2025-12-29,concluido,1461.84
1853,387,2025-09-30,concluido,873.29
1854,48,2025-05-09,concluido,1383.55
1855,240,2025-09-25,concluido,500.07
1856,330,2025-07-31,concluido,724.83
1857,119,2025-12-23,cancelado,258.4
1858,459,2025-12-08,concluido,1373.65
1859,201,2026-01-02,concluido,1380.03
1860,170,2026-01-24,concluido,1329.49
1861,233,2025-09-29,concluido,144.78
1862,58,2025-10-01,concluido,718.8
1863,88,2025-06-30,concluido,555.49
1864,295,2025-06-27,concluido,199.25
1865,419,2025-05-27,concluido,205.12
1866,285,2026-03-02,concluido,1199.02
1867,273,2026-03-15,concluido,906.28
1868,123,2025-11-27,concluido,844.53
1869,499,2025-07-11,concluido,145.79
1870,107,2026-03-22,concluido,906.91
1871,402,2025-08-21,devolvido,872.46
1872,176,2025-09-01,concluido,392.42
1873,340,2025-06-12,concluido,1122.08
1874,365,2025-12-29,concluido,755.61
1875,304,2026-03-24,concluido,521.8
1876,50,2025-12-16,concluido,305.45
1877,490,2025-08-08,concluido,917.48
1878,351,2026-02-02,concluido,1168.45
1879,195,2026-03-02,concluido,985.23
1880,32,2026-03-10,concluido,1234.7
1881,455,2025-08-06,concluido,1144.73
1882,415,2025-09-25,concluido,262.75
1883,77,2025-10-08,concluido,472.68
1884,316,2025-04-13,concluido,333.72
1885,349,2025-04-27,cancelado,484.62
1886,407,2025-10-03,cancelado,491.6
1887,483,2025-05-15,cancelado,1090.8
1888,469,2025-08-16,concluido,179.47
1889,5,2025-10-04,concluido,790.11
1890,434,2025-09-28,concluido,476.57
1891,190,2026-02-24,cancelado,1453.45
1892,1,2025-06-07,concluido,1240.09
1893,184,2025-07-20,concluido,459.2
1894,16,2026-01-25,concluido,1068.22
1895,202,2025-08-15,concluido,1082.07
1896,208,2025-11-22,concluido,840.42
1897,340,2025-11-11,concluido,251.65
1898,285,2025-05-21,concluido,1390.5
1899,431,2025-10-16,concluido,468.28
1900,447,2025-05-11,concluido,244.7
1901,37,2025-09-06,concluido,258.79
1902,454,2026-02-13,concluido,683.27
1903,70,2026-01-04,concluido,981.25
1904,213,2026-02-05,cancelado,1345.69
1905,357,2025-05-13,concluido,667.27
1906,93,2025-08-06,concluido,664.98
1907,420,2025-11-03,concluido,565.2
1908,96,2025-12-10,concluido,60.77
1909,256,2025-04-29,concluido,393.29
1910,257,2026-02-03,concluido,1393.52
1911,296,2025-07-28,concluido,1468.44
1912,291,2025-10-25,concluido,584.44
1913,298,2025-09-28,concluido,1051.22
1914,73,2025-09-04,concluido,813.29
1915,440,2025-11-17,devolvido,1179.36
1916,239,2025-09-09,concluido,808.87
1917,313,2025-07-03,concluido,735.05
1918,380,2025-11-29,concluido,1019.64
1919,351,2025-07-05,concluido,1207.24
1920,160,2025-10-31,concluido,1360.2
1921,274,2025-06-02,concluido,729.86
1922,263,2025-10-06,cancelado,882.25
1923,170,2025-08-29,concluido,1442.84
1924,409,2025-04-27,concluido,292.89
1925,356,2025-08-12,cancelado,1136.67
1926,373,2025-06-21,concluido,427.64
1927,323,2026-02-12,concluido,295.16
1928,27,2025-12-27,concluido,473.04
1929,378,2025-11-17,concluido,465.88
1930,43,2025-09-16,concluido,161.45
1931,402,2026-01-31,concluido,242.18
1932,144,2025-09-18,concluido,422.59
1933,380,2025-11-08,concluido,303.19
1934,303,2026-02-01,concluido,1005.78
1935,190,2025-08-12,concluido,428.82
1936,359,2025-10-30,concluido,312.17
1937,271,2025-12-27,cancelado,547.13
1938,44,2025-07-02,devolvido,913.54
1939,421,2025-06-08,concluido,769.12
1940,212,2025-12-15,concluido,395.02
1941,226,2025-12-18,concluido,292.56
1942,296,2025-05-02,concluido,550.36
1943,329,2026-01-14,concluido,1238.32
1944,27,2026-03-29,concluido,628.18
1945,155,2026-01-03,concluido,1424.97
1946,473,2025-11-10,concluido,600.71
1947,362,2026-02-20,concluido,430.81
1948,272,2025-10-07,cancelado,67.2
1949,475,2025-05-16,concluido,603.91
1950,162,2025-11-17,devolvido,1040.17
1951,22,2025-11-19,concluido,820.38
1952,182,2025-09-28,devolvido,676.09
1953,471,2025-08-06,concluido,445.26
1954,139,2025-11-03,concluido,192.5
1955,336,2025-05-09,concluido,718.61
1956,346,2026-02-15,concluido,1114.75
1957,302,2025-09-21,concluido,803.93
1958,347,2025-06-09,concluido,310.88
1959,281,2025-07-30,concluido,62.29
1960,35,2025-09-06,concluido,191.66
1961,54,2025-04-29,concluido,559.7
1962,372,2025-11-20,concluido,329.97
1963,13,2025-05-14,concluido,132.48
1964,305,2025-12-24,concluido,1261.42
1965,487,2026-02-12,concluido,226.6
1966,491,2025-11-19,concluido,1291.84
1967,67,2026-01-26,concluido,1157.59
1968,332,2026-02-14,concluido,1452.39
1969,459,2025-08-27,concluido,317.18
1970,151,2025-08-07,concluido,1407.46
1971,328,2025-10-10,concluido,1493.11
1972,394,2025-12-08,concluido,1359.92
1973,395,2025-12-14,concluido,423.14
1974,400,2025-04-25,concluido,1176.8
1975,196,2025-05-07,concluido,1494.14
1976,133,2025-06-25,devolvido,433.76
1977,226,2026-02-13,concluido,1470.16
1978,103,2025-05-25,concluido,308.74
1979,252,2026-03-12,concluido,833.92
1980,221,2025-11-13,concluido,982.84
1981,468,2026-03-18,concluido,425.54
1982,18,2026-01-20,concluido,878.45
1983,129,2025-12-05,concluido,77.21
1984,255,2026-02-10,concluido,978.49
1985,478,2025-04-02,concluido,616.2
1986,78,2026-01-21,concluido,1361.7
1987,295,2025-05-28,concluido,1076.03
1988,395,2025-12-14,concluido,682.28
1989,433,2025-05-29,concluido,1227.8
1990,36,2025-09-24,concluido,54.8
1991,489,2025-10-25,concluido,1180.75
1992,63,2025-07-24,concluido,1405.81
1993,184,2025-08-31,concluido,489.1
1994,29,2025-11-27,concluido,1440.29
1995,47,2025-11-12,concluido,1287.35
1996,175,2025-09-22,concluido,716.48
1997,393,2025-06-16,concluido,344.52
1998,284,2025-06-20,concluido,607.04
1999,98,2025-12-22,concluido,615.65
2000,55,2026-03-08,concluido,570.93
